﻿<?xml version="1.0" encoding="utf-8" standalone="yes" ?>
<Window size="400,260" sizebox="0,0,0,0" caption="0,0,0,40" mininfo="80,60" showshadow="true" shadowimage="shadow.png" shadowsize="6" shadowcorner="8,8,8,8">
  <Font shared="true" id="1" name="宋体" size="12" default="true"/>
  <Font shared="true" id="2" name="宋体" size="14"/>
  <Font shared="true" id="3" name="宋体" size="16"/>
  <Font shared="true" id="4" name="宋体" size="18"/>
  <Font shared="true" id="5" name="宋体" size="20"/>
  <Default shared="true" name="Button" value="textcolor=&quot;#FF4D4D4D&quot; hottextcolor=&quot;#FF07BC9D&quot; bordersize=&quot;0&quot; bordercolor=&quot;#FF336699&quot; hotbkcolor=&quot;#FFE5E5E5&quot; font=&quot;3&quot;" />
  <VerticalLayout bkcolor="#FFFFFFFF">
    <HorizontalLayout name="header" bkcolor="#FFF9F9F9" height="34">
      <HorizontalLayout>
        <Control width="10" />
        <Label name="caption" text="提示" textcolor="#FF000000" font="3" />
      </HorizontalLayout>
      <HorizontalLayout width="34" height="34">
        <Button name="btnClose" height="34" width="34" tooltip="关闭" normalimage="file='btn_close.png' dest='9,9,25,25' source='0,0,16,16'"/>
      </HorizontalLayout>
    </HorizontalLayout>
    <VerticalLayout name="bg" padding="1,1,1,1" inset="10,4,10,20" bordersize="1" bordercolor="#FFBFBFBF">
      <RichEdit name="content" enabled="false" textcolor="#FF000000" disabledtextcolor="#FFA7A6AA" font="2" />
      <HorizontalLayout height="30" childpadding="30">
        <HorizontalLayout></HorizontalLayout>
        <Button name="btnOk" text="确定" bordersize="1" bordercolor="#FFD3D3D3"  width="80" height="26"/>
        <Button name="btnCancel" text="取消" bordersize="1" bordercolor="#FFD3D3D3" width="80" height="26"/>
        <HorizontalLayout></HorizontalLayout>
      </HorizontalLayout>
    </VerticalLayout>
  </VerticalLayout>
</Window>