﻿<?xml version="1.0" encoding="utf-8" standalone="yes" ?>
<Window size="672,395" sizebox="0,0,0,0" caption="0,0,0,256" mininfo="80,60">
  <Font shared="true" id="1" name="宋体" size="12" default="true"/>
  <Font shared="true" id="2" name="宋体" size="14"/>
  <Font shared="true" id="3" name="宋体" size="16"/>
  <Font shared="true" id="4" name="宋体" size="18"/>
  <Font shared="true" id="5" name="宋体" size="28"/>
  <Default shared="true" name="Button" value="textcolor=&quot;#FFFFFFFF&quot; hottextcolor=&quot;#FFDB4700&quot; bordersize=&quot;1&quot; bordercolor=&quot;#FFFFAFAF&quot;"/>
  <Default shared="true" name="Progress" value="textcolor=&quot;#FFFFFFFF&quot; bkimage=&quot;progressb.png&quot; foreimage=&quot;progressf.png&quot; align=&quot;center&quot; valign=&quot;center&quot; hor=&quot;true&quot; min=&quot;0&quot; max=&quot;100&quot; disabledtextcolor=&quot;#FFA7A6AA&quot;" />
  <Default shared="true" name="Label" value="textcolor=&quot;#FFFFFFFF&quot; font=&quot;2&quot; valign=&quot;center&quot; align=&quot;left&quot;"/>
  <VerticalLayout name="bg" bkcolor="#FF00AFAF">
	<!--标题-->
    <HorizontalLayout height="256" inset="6,6,6,0">
		<HorizontalLayout inset="16,16,0,0">
			<HorizontalLayout name="logo" height="52" width="295" inset="120,24,0,0">
				
			</HorizontalLayout>
		</HorizontalLayout>
		<Label name="lb_logo" float="true" pos="142,46,542,80" text="" font="3"/>
		<HorizontalLayout width="34" height="34">
			<Button name="btn_close" bordersize="0" text="×" width="34" tooltip="关闭" font="5"/>
		</HorizontalLayout>
    </HorizontalLayout>
	
    <VerticalLayout>
		<!--第一页:选择安装目-->
		<VerticalLayout name="layout_first" visible="false" inset="10,10,10,20">
			<VerticalLayout height="50" inset="40,0,40,0">
				<HorizontalLayout height="24">
					<Label text="选择安装目录"/>
				</HorizontalLayout>
				<HorizontalLayout height="26" childpadding="20">
					<Edit name="edit_path" text="" bordersize="1" bordercolor="#FFFFAFAF" nativebkcolor="#FFF8F8F8" bkcolor="#FFF8F8F8" disabledtextcolor="#FF666666" enabled="false" font="3"/>
					<Button name="btn_dir" text="选择" width="80" font="3"/>
				</HorizontalLayout>
			</VerticalLayout>
			
			<VerticalLayout></VerticalLayout>
			<HorizontalLayout height="38">
				<HorizontalLayout></HorizontalLayout>
				<Button name="btn_install" text="立即安装" width="153" font="3" normalimage="file='btn_def.png'" pushedimage="file='btn_press.png'"/>
				<HorizontalLayout></HorizontalLayout>
			</HorizontalLayout>
		</VerticalLayout>
		<!--第二页:安装中-->
		<VerticalLayout name="layout_second" visible="false" inset="10,10,10,10">
			<VerticalLayout name="layout_progress" height="50" visible="true" inset="40,0,40,0">
				<HorizontalLayout height="24">
					<!--安装中文件-->
					<Label name="lb_file" width="500" endellipsis="true" text=""/>
				</HorizontalLayout>		
				<VerticalLayout>
					<!--安装中进度条-->
					<Progress name="p_install" height="10" value="0"/>
				</VerticalLayout>
			</VerticalLayout>
			
			<VerticalLayout></VerticalLayout>
			<HorizontalLayout height="70" inset="40,0,40,0">
				<GifAnim name="ring_install" textcolor="#FF333333" align="center" valign="vcenter" height="70" width="70" bkimage="loading.gif" font="2"/>
				<!--安装中状态-->
				<Button name="install_status" minwidth="500" height="70" align="left" endellipsis="true" text="程序安装中" bordersize="0" textcolor="FF666666" font="3"/>
			</HorizontalLayout>
		</VerticalLayout>
		
		<VerticalLayout name="layout_third" visible="false" inset="10,10,10,20">
			<HorizontalLayout>
				<Label text="安装完成" align="center" font="4"/>
			</HorizontalLayout>
			
			<HorizontalLayout height="38">
				<HorizontalLayout></HorizontalLayout>
				<Button name="btn_complete" text="立即体验" width="153" font="3"/>
				<HorizontalLayout></HorizontalLayout>
			</HorizontalLayout>
		</VerticalLayout>
		
		<VerticalLayout name="layout_fourth" visible="false" inset="10,10,10,20">
			<HorizontalLayout>
				<Label text="谢谢您的使用" align="center" font="5"/>
			</HorizontalLayout>
			
			<HorizontalLayout height="38">
				<HorizontalLayout></HorizontalLayout>
				<Button name="btn_uninstall" text="立即卸载" width="153" font="3"/>
				<HorizontalLayout></HorizontalLayout>
			</HorizontalLayout>
		</VerticalLayout>
		
		<VerticalLayout name="layout_fifth" visible="false" inset="10,10,10,10">
			<HorizontalLayout height="70" inset="40,0,40,0">
				<GifAnim name="ring_uninstall" textcolor="#FF333333" align="center" valign="vcenter" height="70" width="70" bkimage="loading.gif"/>
				<!--卸载中状态-->
				<Button name="uninstall_status" minwidth="500" height="70" align="left" endellipsis="true" text="程序正在卸载" bordersize="0" textcolor="FF666666" font="3"/>
			</HorizontalLayout>
		</VerticalLayout>
		
		<VerticalLayout name="layout_sixth" visible="false" inset="10,10,10,20">
			<HorizontalLayout>
				<Label text="谢谢您的使用" align="center" font="3"/>
			</HorizontalLayout>
			
			<HorizontalLayout height="38">
				<HorizontalLayout></HorizontalLayout>
				<Button name="btn_uninstall_complete" text="完成卸载" width="153" font="3"/>
				<HorizontalLayout></HorizontalLayout>
			</HorizontalLayout>
		</VerticalLayout>
		
    </VerticalLayout>
  </VerticalLayout>
</Window>